{
  "trainedAt": "2026-05-28T20:41:07.023609+00:00",
  "epochs": 25,
  "exampleCount": 8,
  "lossHistory": [
    0.7644954323768616,
    0.7382573485374451,
    0.7147968411445618,
    0.6938159465789795,
    0.6745672225952148,
    0.6565375328063965,
    0.6393001079559326,
    0.6223254799842834,
    0.6053499579429626,
    0.5881829261779785,
    0.5706881880760193,
    0.5527757406234741,
    0.5343231558799744,
    0.515359103679657,
    0.49592119455337524,
    0.47597795724868774,
    0.4555370807647705,
    0.43463045358657837,
    0.4133214056491852,
    0.39167213439941406,
    0.3697434663772583,
    0.3476489782333374,
    0.3254324793815613,
    0.30322206020355225,
    0.2812923789024353
  ],
  "user_activity_vocab": {
    "cycling": 0,
    "hiking": 1,
    "running": 2,
    "unknown": 3
  },
  "route_activity_vocab": {
    "cycling": 0,
    "hiking": 1,
    "running": 2,
    "unknown": 3
  },
  "region_vocab": {
    "22 de octubre": 0,
    "75 m al oeste de la escuela republica de bolivia": 1,
    "calle la rotonda": 2,
    "copey": 3,
    "corredor": 4,
    "el carmen de abrojo": 5,
    "el higo": 6,
    "el progreso": 7,
    "el rastro": 8,
    "finca alajuela": 9,
    "finca salam\u00e1": 10,
    "la libertad": 11,
    "laurel": 12,
    "llano grande": 13,
    "manzanillo": 14,
    "paso canoas": 15,
    "puntarenas": 16,
    "san jorge norte": 17,
    "unknown": 18,
    "zumbado": 19
  }
}